Cliente_ID,Nome_Cliente,Cidade,Estado,Regiao
1,Sra. Maria Laura Borges,Barros,AM,Norte
2,Sra. Ana Cecília Campos,Vasconcelos das Pedras,DF,Centro-Oeste
3,Laura Aparecida,Novais,PA,Norte
4,Maitê Nogueira,Martins,PR,Sul
5,Amanda Borges,da Luz,RO,Norte
6,Sra. Milena Moreira,Caldeira do Amparo,SP,Sudeste
7,Lucas Vasconcelos,Santos,PR,Sul
8,Sra. Luiza Campos,da Costa do Sul,CE,Nordeste
9,Dr. Anthony Gabriel Pires,Fonseca,MG,Sudeste
10,Mateus Camargo,Lima de Goiás,PE,Nordeste
11,Emanuel Pires,Rodrigues de Rezende,SC,Sul
12,Igor Lopes,Rios das Flores,SP,Sudeste
13,Felipe Pereira,Lima,SC,Sul
14,Olivia Mendonça,da Paz Paulista,CE,Nordeste
15,Isadora Sá,Pinto do Sul,GO,Centro-Oeste
16,Maria Correia,Vasconcelos,GO,Centro-Oeste
17,Yasmin Fonseca,Oliveira de Casa Grande,RS,Sul
18,Brenda Jesus,Vargas de Santos,PA,Norte
19,Maria Vitória Mendes,Aragão,BA,Nordeste
20,Clara Abreu,da Paz,DF,Centro-Oeste
21,Dr. Luiz Gustavo Siqueira,Cavalcante Verde,SC,Sul
22,Eloá Souza,Alves da Praia,CE,Nordeste
23,Theo Sá,Rodrigues,BA,Nordeste
24,Dr. Marcos Vinicius da Mota,Machado de Santos,RO,Norte
25,Raul Martins,Pacheco,PA,Norte
26,Daniela Fogaça,Ferreira Alegre,PA,Norte
27,Sra. Brenda Fernandes,Santos,DF,Centro-Oeste
28,Maria Julia das Neves,Mendonça,PR,Sul
29,José Pedro da Luz,Borges de Minas,MT,Centro-Oeste
30,Dra. Stella Pereira,Cardoso,SP,Sudeste
31,Felipe Rios,Rios do Campo,PR,Sul
32,Melina da Luz,Melo de Mendes,SC,Sul
33,Melina Cavalcante,Carvalho da Prata,SP,Sudeste
34,Rael Santos,Pinto,RJ,Sudeste
35,Bernardo Pacheco,Freitas do Amparo,BA,Nordeste
36,Ana Laura Fernandes,Novaes,RO,Norte
37,Ana Liz Almeida,da Mota,RJ,Sudeste
38,Juliana Freitas,Peixoto,RJ,Sudeste
39,Felipe Martins,da Cruz de da Cruz,MG,Sudeste
40,Eduardo Pereira,Monteiro,RO,Norte
41,Evelyn Cavalcante,das Neves das Pedras,PA,Norte
42,Larissa Cunha,Nascimento,MG,Sudeste
43,Sr. Yan Araújo,Ribeiro,DF,Centro-Oeste
44,Asafe da Conceição,Guerra das Pedras,BA,Nordeste
45,Stephany da Rocha,Jesus,CE,Nordeste
46,Laura Brito,da Luz de Lopes,SP,Sudeste
47,Srta. Mirella Peixoto,Azevedo do Oeste,SP,Sudeste
48,Dra. Maria Helena Siqueira,Cavalcante da Praia,GO,Centro-Oeste
49,Maria Helena da Costa,Castro,BA,Nordeste
50,Marcela Nunes,Cavalcante,MG,Sudeste
51,Sra. Zoe Nunes,da Conceição,PA,Norte
52,Sra. Laura Almeida,Porto,PR,Sul
53,Sra. Elisa Nunes,Andrade,PA,Norte
54,Sr. Danilo Pacheco,Sales do Oeste,PE,Nordeste
55,Mariane Silveira,Fonseca da Prata,RJ,Sudeste
56,Gabriela Brito,Araújo,PE,Nordeste
57,Dom Pires,Correia,PA,Norte
58,Cecilia Siqueira,Pacheco das Flores,SP,Sudeste
59,Asafe Teixeira,Macedo de Santos,RJ,Sudeste
60,Marcelo Vargas,Caldeira do Norte,RJ,Sudeste
61,Ana Sophia Machado,Fernandes,MG,Sudeste
62,Maria Júlia Nunes,Abreu,SC,Sul
63,Maysa Leão,Siqueira,SP,Sudeste
64,Sra. Maria Helena Aragão,Pimenta Alegre,PE,Nordeste
65,Pietra Camargo,da Mata,BA,Nordeste
66,Fernanda Lima,Machado de Nogueira,SC,Sul
67,Luiz Miguel Caldeira,Monteiro,PR,Sul
68,Olívia Pereira,Jesus de Goiás,DF,Centro-Oeste
69,Bella Pires,da Luz,RO,Norte
70,Valentim Cunha,Cunha do Galho,MG,Sudeste
71,Maria Liz Lopes,Araújo,PR,Sul
72,Ana Beatriz da Luz,Mendonça,RO,Norte
73,Kaique Rocha,Cavalcante da Prata,PA,Norte
74,Maitê Gomes,Pires,RO,Norte
75,Igor Jesus,Novaes Grande,RO,Norte
76,Gustavo Henrique Siqueira,Cardoso de da Rosa,PE,Nordeste
77,Sra. Joana da Mota,da Rosa,RO,Norte
78,Ísis Brito,Araújo da Prata,CE,Nordeste
79,Lunna Rios,Alves,PR,Sul
80,Milena Brito,Brito de Brito,PR,Sul
81,Matheus Vieira,Ferreira do Amparo,MG,Sudeste
82,Vicente Pereira,das Neves da Prata,SC,Sul
83,Alícia da Cruz,da Cruz de Pinto,RS,Sul
84,Davi Lucca da Cruz,Lopes do Norte,DF,Centro-Oeste
85,Pietra Ferreira,Ramos,DF,Centro-Oeste
86,Gabriela Marques,Moreira,GO,Centro-Oeste
87,Catarina Moraes,Fonseca de Moura,CE,Nordeste
88,Sara Cardoso,Costela,GO,Centro-Oeste
89,Isabela Brito,Rodrigues de Minas,DF,Centro-Oeste
90,Antônio Souza,Ferreira,AM,Norte
91,Sra. Isabela Costela,Melo,SC,Sul
92,Mariane Freitas,da Cruz do Campo,PA,Norte
93,Srta. Anna Liz Teixeira,Nogueira,PR,Sul
94,Pedro Lucas Fonseca,Costa de Pereira,RS,Sul
95,Dr. Cauê Abreu,Oliveira,PE,Nordeste
96,Srta. Catarina Souza,da Conceição,PA,Norte
97,Ravi Rocha,Azevedo,GO,Centro-Oeste
98,Lavínia Silva,Pires,PE,Nordeste
99,Mariana Marques,Brito,SC,Sul
100,Kevin da Cruz,Camargo Alegre,MT,Centro-Oeste
101,Ana Carolina Costa,Monteiro,PR,Sul
102,Heitor Pacheco,Aparecida dos Dourados,RS,Sul
103,Antonella Albuquerque,Aparecida,PA,Norte
104,Dra. Lorena Cardoso,Silveira Grande,DF,Centro-Oeste
105,Nicolas Fogaça,Leão,RO,Norte
106,Augusto Pacheco,Peixoto de Pacheco,PR,Sul
107,Carolina da Paz,Duarte da Prata,GO,Centro-Oeste
108,Fernanda Lima,Siqueira Paulista,PR,Sul
109,Anthony Costela,Albuquerque de Rodrigues,DF,Centro-Oeste
110,Maria Eduarda Silveira,da Mata,MT,Centro-Oeste
111,Joaquim Câmara,Duarte,RJ,Sudeste
112,Kevin Siqueira,Aparecida da Mata,PA,Norte
113,Juliana Barros,Gomes,RJ,Sudeste
114,Alexandre Pacheco,Abreu,PA,Norte
115,Maria Eduarda Correia,Oliveira,DF,Centro-Oeste
116,Sr. Isaac Casa Grande,Freitas do Oeste,DF,Centro-Oeste
117,Heitor Rezende,Casa Grande Verde,MG,Sudeste
118,Hadassa Barbosa,Oliveira de Goiás,MG,Sudeste
119,Maya Siqueira,Aparecida,PA,Norte
120,Caio Silva,da Rocha,RO,Norte
121,Arthur Gabriel Lopes,Nunes,CE,Nordeste
122,Emanuella Garcia,Gomes,AM,Norte
123,Alícia Borges,Machado,SC,Sul
124,Ana Clara Casa Grande,Borges de Costela,PE,Nordeste
125,Vitor Gabriel Vasconcelos,Andrade,BA,Nordeste
126,Sra. Heloisa Novais,Dias,GO,Centro-Oeste
127,Yuri Abreu,Montenegro Alegre,AM,Norte
128,Catarina Almeida,da Rocha,CE,Nordeste
129,Théo Farias,Marques,CE,Nordeste
130,Ayla Castro,Porto,AM,Norte
131,Rhavi Ferreira,Nunes do Campo,RS,Sul
132,Sr. Enrico Sá,Cavalcanti,SC,Sul
133,Liam Brito,Pacheco das Pedras,BA,Nordeste
134,Maria Clara Dias,Porto,BA,Nordeste
135,Lucca Moraes,das Neves,SP,Sudeste
136,Laís Teixeira,Sampaio,CE,Nordeste
137,Emanuella da Rosa,Fogaça de Minas,GO,Centro-Oeste
138,Rafael Correia,Cavalcanti,PE,Nordeste
139,Henrique Casa Grande,Caldeira,CE,Nordeste
140,Stella Vargas,Siqueira de Minas,AM,Norte
141,Sra. Isis Jesus,da Costa,AM,Norte
142,Dr. João Pedro da Cunha,Brito,BA,Nordeste
143,Srta. Maysa Costa,Costa das Flores,RJ,Sudeste
144,Luigi Almeida,Garcia da Praia,DF,Centro-Oeste
145,Isabella Garcia,Farias,BA,Nordeste
146,Yuri Andrade,Sampaio,PE,Nordeste
147,Benjamim Mendes,Andrade da Mata,GO,Centro-Oeste
148,Alexia Vargas,da Mata,AM,Norte
149,Vitor Hugo Rezende,Fernandes,MT,Centro-Oeste
150,Pedro Miguel Carvalho,Moura do Oeste,RS,Sul
151,Davi Lucca Novais,Ramos de Sampaio,RS,Sul
152,Milena Ribeiro,Cunha,PA,Norte
153,Igor Lima,Silva dos Dourados,DF,Centro-Oeste
154,Calebe da Paz,Moreira dos Dourados,RS,Sul
155,Thiago Araújo,Rodrigues,PA,Norte
156,Brenda Sá,Cardoso da Praia,RS,Sul
157,Dr. Pedro Henrique Cirino,Fogaça dos Dourados,MT,Centro-Oeste
158,João Felipe Rocha,Fogaça,GO,Centro-Oeste
159,Dra. Liz Vieira,Macedo de Goiás,SC,Sul
160,Evelyn Oliveira,Rios de das Neves,AM,Norte
161,Leandro Cardoso,Novais Grande,PR,Sul
162,Danilo Araújo,Montenegro da Praia,DF,Centro-Oeste
163,Kevin Fogaça,Pires do Sul,SP,Sudeste
164,Luiz Fernando Abreu,Abreu,SC,Sul
165,Emanuel Nunes,Albuquerque,PE,Nordeste
166,Leandro Correia,Câmara,SP,Sudeste
167,Dr. Gustavo Henrique Jesus,Campos,MT,Centro-Oeste
168,Jade Araújo,da Mota,MT,Centro-Oeste
169,João Lucas da Luz,da Cunha,RO,Norte
170,Gael Henrique Caldeira,Nunes de Fernandes,MT,Centro-Oeste
171,Hellena Monteiro,Pacheco,MT,Centro-Oeste
172,Sra. Julia Casa Grande,da Paz,RJ,Sudeste
173,Leonardo Mendes,Pinto Alegre,MG,Sudeste
174,Luiz Otávio Vasconcelos,Cirino,MT,Centro-Oeste
175,Asafe Marques,Peixoto,BA,Nordeste
176,Samuel Leão,Castro dos Dourados,MG,Sudeste
177,Eduarda Ribeiro,Sampaio,MG,Sudeste
178,José Miguel Leão,Garcia,CE,Nordeste
179,Leonardo Siqueira,Ramos,RS,Sul
180,Yasmin Pinto,Monteiro de Borges,MG,Sudeste
181,Hadassa Vargas,Gonçalves,AM,Norte
182,Elisa Borges,da Rocha das Flores,DF,Centro-Oeste
183,João Gabriel Peixoto,Cassiano das Flores,MG,Sudeste
184,Esther Azevedo,Ribeiro,SC,Sul
185,Marina Andrade,da Rosa,GO,Centro-Oeste
186,Samuel Lopes,Aparecida,RJ,Sudeste
187,Sra. Eloá Souza,da Rocha Alegre,CE,Nordeste
188,Pedro Miguel Ribeiro,da Paz,MG,Sudeste
189,Léo da Cruz,da Rosa dos Dourados,CE,Nordeste
190,Ágatha Pimenta,Aparecida do Oeste,AM,Norte
191,Sophie Martins,Casa Grande Alegre,SC,Sul
192,Luna Duarte,Gomes,RS,Sul
193,Lunna Dias,Cassiano do Galho,PA,Norte
194,Kaique Cunha,Casa Grande,DF,Centro-Oeste
195,João Guilherme da Rocha,Cavalcanti,BA,Nordeste
196,Heloisa Leão,Moura,PA,Norte
197,Carolina Araújo,da Mota,PE,Nordeste
198,Antony Cirino,Cardoso de Aragão,PR,Sul
199,Henry Barros,Andrade de Gonçalves,RJ,Sudeste
200,Yan Freitas,Sampaio da Mata,PR,Sul
201,Dra. Bianca Nogueira,Abreu do Sul,RJ,Sudeste
202,Marcos Vinicius da Costa,das Neves,SP,Sudeste
203,Matheus Ramos,Cunha,CE,Nordeste
204,Murilo Cassiano,Aparecida dos Dourados,PA,Norte
205,Dr. Danilo Cunha,da Mota,SP,Sudeste
206,Antonella Santos,Pacheco da Prata,CE,Nordeste
207,Ester Rodrigues,Souza,RS,Sul
208,Marcelo Pacheco,Azevedo,RO,Norte
209,Henrique da Conceição,da Mota,BA,Nordeste
210,Dra. Hadassa da Mota,Câmara do Norte,SP,Sudeste
211,Elisa Carvalho,Moura Alegre,MG,Sudeste
212,Sara Jesus,Ramos dos Dourados,SC,Sul
213,Maria Fernanda Melo,Jesus,RS,Sul
214,João Pedro Novais,Ferreira,MG,Sudeste
215,Sr. Lucas Pereira,Barbosa,RS,Sul
216,Sra. Natália Barros,Viana,RS,Sul
217,Sra. Laura Albuquerque,da Rocha do Amparo,CE,Nordeste
218,Isadora Costela,Campos,RJ,Sudeste
219,João Miguel Novais,Rios,DF,Centro-Oeste
220,Yasmin Machado,Ferreira,MT,Centro-Oeste
221,Dra. Maria Julia Silva,Porto das Pedras,MG,Sudeste
222,Dr. Ravy Dias,Cavalcanti de Minas,PE,Nordeste
223,Dr. Breno Rocha,Fonseca Verde,SP,Sudeste
224,Heitor Gomes,Silva Verde,DF,Centro-Oeste
225,Yan Pereira,Rezende do Galho,GO,Centro-Oeste
226,Davi Lucas Novaes,da Cunha de Lima,MT,Centro-Oeste
227,Júlia Moraes,Silva do Norte,PA,Norte
228,Maria Vitória Costa,Cassiano,BA,Nordeste
229,Otávio Pereira,Sousa de Novaes,MG,Sudeste
230,Diego Pires,Dias,CE,Nordeste
231,José Pedro Souza,Cavalcanti do Galho,BA,Nordeste
232,Sra. Maria Laura Rodrigues,Monteiro,RJ,Sudeste
233,João Pedro Rodrigues,das Neves,MT,Centro-Oeste
234,Maysa Ribeiro,Nascimento do Sul,RJ,Sudeste
235,Luna Santos,Vasconcelos das Pedras,PA,Norte
236,Dr. Marcos Vinicius Novais,Pastor do Norte,RJ,Sudeste
237,Ana Vitória Alves,Leão de Freitas,SC,Sul
238,Thomas Cunha,Pinto de Sá,RO,Norte
239,Guilherme Gonçalves,Siqueira do Sul,RJ,Sudeste
240,Brayan da Rosa,Santos Paulista,AM,Norte
241,Raquel Costa,Correia Verde,GO,Centro-Oeste
242,Clarice Sales,Rios da Mata,MG,Sudeste
243,José Miguel Moura,Jesus da Serra,SC,Sul
244,Luiza Castro,Pereira dos Dourados,PE,Nordeste
245,Dom Caldeira,Melo Verde,PE,Nordeste
246,Ana Julia Camargo,Nogueira,RJ,Sudeste
247,Laura da Cruz,Rezende,AM,Norte
248,Aylla Souza,Barbosa de da Paz,MT,Centro-Oeste
249,Gustavo Henrique Montenegro,Ferreira das Pedras,MG,Sudeste
250,Vitor Hugo Machado,Moreira Grande,PE,Nordeste
251,Pedro Miguel Sampaio,Caldeira,CE,Nordeste
252,Maria Luísa Abreu,Cassiano do Campo,PR,Sul
253,Stephany Carvalho,Moura,MG,Sudeste
254,Anthony Gabriel Aragão,Cavalcanti,SC,Sul
255,Gael Melo,Rodrigues do Oeste,PA,Norte
256,Natália Nunes,Monteiro da Prata,SP,Sudeste
257,Rafaela Cunha,Costela,SP,Sudeste
258,Dr. Ryan Gomes,da Rosa Grande,AM,Norte
259,Olívia Rezende,Costa,RJ,Sudeste
260,Joana da Cruz,Novaes de Carvalho,PE,Nordeste
261,Antônio das Neves,Alves,GO,Centro-Oeste
262,Caio Nogueira,Moreira de Cavalcanti,RJ,Sudeste
263,Anna Liz da Mota,Azevedo Alegre,RJ,Sudeste
264,Olivia Fonseca,Câmara,AM,Norte
265,Laura Montenegro,Siqueira do Galho,RO,Norte
266,Srta. Bella Peixoto,Pinto,PR,Sul
267,Ana Júlia Sousa,Oliveira,DF,Centro-Oeste
268,Leonardo Santos,da Mota de Minas,RO,Norte
269,Sra. Ayla Castro,Borges de Sales,PA,Norte
270,Sr. João Lucas Freitas,Oliveira,BA,Nordeste
271,Sr. Isaque Gonçalves,Cardoso,RO,Norte
272,Stella da Rosa,Albuquerque da Praia,BA,Nordeste
273,Luara Freitas,Peixoto,PE,Nordeste
274,Sra. Melissa Sampaio,Gomes do Campo,RO,Norte
275,Gael Rios,Sampaio das Pedras,PE,Nordeste
276,Ana Beatriz Macedo,Rocha da Serra,GO,Centro-Oeste
277,Maria Clara Carvalho,Carvalho Alegre,CE,Nordeste
278,Dra. Esther Castro,Nunes de Alves,SC,Sul
279,Vitor Ribeiro,Camargo Verde,PA,Norte
280,Maitê Cassiano,da Cruz da Praia,DF,Centro-Oeste
281,Aylla Silva,da Cruz do Galho,PR,Sul
282,Dra. Kamilly da Costa,Jesus de Aragão,MT,Centro-Oeste
283,Pietro Guerra,Abreu,RJ,Sudeste
284,Gael Henrique Monteiro,Leão da Mata,BA,Nordeste
285,João Machado,da Rocha,SC,Sul
286,Ana Carolina Carvalho,Nogueira,BA,Nordeste
287,Oliver Pereira,Novais,MT,Centro-Oeste
288,Carolina da Mota,Moreira da Mata,PR,Sul
289,Valentim Duarte,Carvalho,PR,Sul
290,Maria Cecília Lopes,Cavalcanti do Norte,MT,Centro-Oeste
291,Melissa Ribeiro,da Paz da Serra,MG,Sudeste
292,Luiz Gustavo Peixoto,Rodrigues da Serra,DF,Centro-Oeste
293,Bernardo Cunha,Farias de Minas,SC,Sul
294,José Miguel Moraes,Rios do Galho,DF,Centro-Oeste
295,Agatha Marques,Dias Alegre,RJ,Sudeste
296,Isis da Conceição,Gomes dos Dourados,AM,Norte
297,Ana Sophia Ferreira,Nogueira,MT,Centro-Oeste
298,Luiza Peixoto,Fogaça das Flores,MG,Sudeste
299,Diego Silva,Jesus,PE,Nordeste
300,Arthur Costa,Brito,CE,Nordeste
301,Mariah Freitas,Viana,SC,Sul
302,Mirella Silveira,Rios,MT,Centro-Oeste
303,Elisa Farias,Almeida de Vargas,RS,Sul
304,Paulo Nascimento,Rodrigues do Campo,RJ,Sudeste
305,Bruno Monteiro,Jesus,RS,Sul
306,Maria Laura Albuquerque,Duarte de Duarte,DF,Centro-Oeste
307,Nicole Costa,Farias das Flores,AM,Norte
308,Valentina da Mata,Freitas de Nascimento,SP,Sudeste
309,Oliver Vieira,Melo Verde,MG,Sudeste
310,Helena Andrade,Sousa da Serra,SC,Sul
311,Nina Garcia,das Neves de Lopes,RJ,Sudeste
312,Vitor Hugo da Mata,Duarte da Serra,AM,Norte
313,Sr. Dom Albuquerque,Caldeira Alegre,DF,Centro-Oeste
314,Augusto Cavalcante,Moura,SP,Sudeste
315,Theodoro Albuquerque,da Luz de da Mota,GO,Centro-Oeste
316,Oliver Pimenta,Machado,GO,Centro-Oeste
317,Arthur Viana,da Luz das Flores,SC,Sul
318,Manuela Ribeiro,da Paz Verde,MT,Centro-Oeste
319,Alice Sampaio,Viana,RO,Norte
320,Sr. Guilherme Sá,Fonseca,BA,Nordeste
321,Sra. Evelyn Duarte,Cunha,CE,Nordeste
322,Melina Fernandes,Aparecida Alegre,RJ,Sudeste
323,Maria Laura Barbosa,Casa Grande das Pedras,PR,Sul
324,Dom Pinto,Fogaça do Norte,MG,Sudeste
325,Dr. Raul Ribeiro,Macedo Paulista,RJ,Sudeste
326,Dra. Mariane Vargas,Rodrigues das Pedras,PA,Norte
327,Dra. Sarah Fonseca,Araújo,DF,Centro-Oeste
328,Theo Nascimento,Cardoso de Goiás,MG,Sudeste
329,Samuel Ribeiro,da Mota Verde,PE,Nordeste
330,Marcelo Viana,da Mota,RS,Sul
331,Kevin Pastor,Aragão do Campo,MG,Sudeste
332,Pietra da Mata,Souza Grande,RS,Sul
333,João Lucas Aparecida,Vieira do Norte,MG,Sudeste
334,Igor Correia,Cavalcanti do Sul,RS,Sul
335,Felipe Pastor,Martins,MT,Centro-Oeste
336,Henry Gabriel Cavalcante,Caldeira da Praia,RJ,Sudeste
337,Agatha da Paz,Pacheco,GO,Centro-Oeste
338,Caroline Barros,Cunha,BA,Nordeste
339,João Vitor Machado,Farias,PE,Nordeste
340,Dante Rezende,Aparecida,RO,Norte
341,Ísis Ferreira,Lima,SC,Sul
342,Elisa Campos,Farias de Rocha,BA,Nordeste
343,Lara Novais,Borges,CE,Nordeste
344,Davi Luiz Pacheco,Marques,RJ,Sudeste
345,Sabrina Fernandes,da Luz da Prata,SC,Sul
346,João Miguel Cardoso,Ferreira de Fonseca,RS,Sul
347,Carolina Campos,Nunes,PA,Norte
348,Lunna Nascimento,Santos,DF,Centro-Oeste
349,Ísis Dias,Pastor Grande,DF,Centro-Oeste
350,Sra. Lara Camargo,Gomes,DF,Centro-Oeste
351,Mirella Melo,Silva,PR,Sul
352,Anna Liz Câmara,Castro da Serra,DF,Centro-Oeste
353,Srta. Bella Guerra,Rodrigues de Leão,RO,Norte
354,Isaac Gomes,Mendonça do Campo,MT,Centro-Oeste
355,Manuella Rodrigues,Cirino,CE,Nordeste
356,Laura Carvalho,Pimenta,SP,Sudeste
357,Lívia Oliveira,Abreu do Norte,RO,Norte
358,Luan da Rosa,Vasconcelos,GO,Centro-Oeste
359,Gustavo Henrique Garcia,da Cruz,RJ,Sudeste
360,Giovanna Azevedo,Duarte do Galho,DF,Centro-Oeste
361,Bárbara Novaes,Gomes,AM,Norte
362,Antonella Macedo,Sá,SP,Sudeste
363,Paulo Mendes,Brito,AM,Norte
364,João Guilherme Silveira,das Neves,SP,Sudeste
365,Sra. Cecilia Cavalcanti,Aragão,SC,Sul
366,Brayan Brito,Almeida,PA,Norte
367,Davi Lucca Campos,Porto Paulista,CE,Nordeste
368,Marina Rocha,Mendonça,DF,Centro-Oeste
369,Cauã Alves,Ferreira Grande,BA,Nordeste
370,Dr. Diego Dias,da Luz,RS,Sul
371,Dr. Kevin Castro,Cirino,SC,Sul
372,Olivia da Paz,Machado,PR,Sul
373,Srta. Letícia Monteiro,Moraes de Ribeiro,RS,Sul
374,Srta. Marcela Dias,Costa das Pedras,RJ,Sudeste
375,Zoe Carvalho,Silva,MT,Centro-Oeste
376,Elisa Pereira,da Conceição Paulista,RJ,Sudeste
377,Marina Teixeira,Moura,SC,Sul
378,Paulo Souza,Pereira,RO,Norte
379,Matteo Vargas,Peixoto das Flores,PA,Norte
380,Ana Carolina Costa,Dias Grande,PE,Nordeste
381,Luísa da Rocha,Rocha,PA,Norte
382,Daniel Pastor,Andrade Grande,BA,Nordeste
383,Henry Gabriel Silveira,Teixeira,PR,Sul
384,Isadora Cirino,Barros das Pedras,BA,Nordeste
385,Alana Rezende,Sampaio de Minas,RJ,Sudeste
386,Dra. Raquel Gonçalves,Gomes,RS,Sul
387,Sra. Lunna Aparecida,Aparecida de Moraes,DF,Centro-Oeste
388,Antônio Garcia,Correia de Viana,PE,Nordeste
389,Cecilia Montenegro,da Mata de Minas,MT,Centro-Oeste
390,Sr. Luigi Casa Grande,da Cruz,SP,Sudeste
391,Dr. Arthur Gabriel Nunes,Novaes Paulista,PE,Nordeste
392,Davi Almeida,Ribeiro,SC,Sul
393,Manuela Guerra,Ramos da Serra,PE,Nordeste
394,João Gabriel Rios,Cirino de da Rosa,RO,Norte
395,Dante Almeida,Rodrigues das Flores,CE,Nordeste
396,Ravi Guerra,Caldeira do Galho,PE,Nordeste
397,João Moraes,Fogaça,BA,Nordeste
398,Dr. Davi Lucas Fonseca,Casa Grande Grande,PA,Norte
399,Davi Luiz da Costa,Caldeira Alegre,MT,Centro-Oeste
400,Ana Cecília da Mata,Pacheco da Praia,RS,Sul
401,Ágatha Mendes,Costela,SP,Sudeste
402,Dante Sá,das Neves,MG,Sudeste
403,Ana Cecília Peixoto,Novais,MT,Centro-Oeste
404,Miguel da Paz,Silveira do Campo,RJ,Sudeste
405,Sra. Sofia Martins,Pereira de Dias,SC,Sul
406,Sra. Bárbara Rocha,Fernandes de Melo,RJ,Sudeste
407,Cecília Nogueira,Barbosa de Marques,RO,Norte
408,Bernardo Pimenta,Aparecida da Praia,AM,Norte
409,Ravy Brito,Siqueira dos Dourados,MT,Centro-Oeste
410,Benicio Santos,da Rocha,DF,Centro-Oeste
411,Mariah Peixoto,Vieira de Marques,PA,Norte
412,João Almeida,Novais,SC,Sul
413,Isis da Rocha,Camargo das Pedras,RO,Norte
414,Rafaela Fernandes,Gonçalves do Norte,MT,Centro-Oeste
415,Sra. Marina Lopes,Moreira,PA,Norte
416,Antony Monteiro,Aragão Paulista,MG,Sudeste
417,Laís Cavalcanti,Araújo,RJ,Sudeste
418,Maria Julia Moura,Pacheco,CE,Nordeste
419,Srta. Ana Cecília Marques,Alves,MG,Sudeste
420,Henry Gabriel Cassiano,das Neves da Mata,SP,Sudeste
421,Yasmin Viana,Nogueira,RJ,Sudeste
422,Stella Garcia,Garcia,RJ,Sudeste
423,Sr. Kevin Moreira,Freitas de Minas,MT,Centro-Oeste
424,João Guilherme da Rocha,Marques do Amparo,PA,Norte
425,Juliana Rezende,Silveira do Amparo,GO,Centro-Oeste
426,Dra. Ester Ramos,Moraes da Serra,RJ,Sudeste
427,Ana Vitória Sousa,Peixoto de Aragão,MG,Sudeste
428,Aylla Marques,da Cunha,AM,Norte
429,Maria Alice Alves,Duarte,AM,Norte
430,Maya Aparecida,Gomes,GO,Centro-Oeste
431,Eloá das Neves,Carvalho,AM,Norte
432,Juan Fogaça,Vargas de Freitas,PR,Sul
433,Thomas Borges,Moreira de Freitas,RS,Sul
434,João Lucas Caldeira,Teixeira da Prata,SP,Sudeste
435,Sra. Hellena Martins,Novais das Pedras,CE,Nordeste
436,Isadora Correia,Teixeira do Norte,MT,Centro-Oeste
437,Vitor Silva,Vieira,MG,Sudeste
438,Enzo Pinto,Ramos das Flores,SP,Sudeste
439,Clara Cassiano,Alves Paulista,PE,Nordeste
440,Fernando Barbosa,Carvalho,PR,Sul
441,Calebe Sales,Porto,GO,Centro-Oeste
442,Murilo Cardoso,da Costa de Camargo,SP,Sudeste
443,Anna Liz Fonseca,Melo,RO,Norte
444,Luiz Otávio Castro,da Mata Alegre,PR,Sul
445,Lorena Monteiro,Farias da Serra,PE,Nordeste
446,Otto Marques,Oliveira,PR,Sul
447,Marina Macedo,Sampaio,RS,Sul
448,Antônio Moreira,Cavalcanti das Flores,PA,Norte
449,Raquel Pacheco,da Costa do Amparo,AM,Norte
450,João Pedro Vargas,Pimenta,RO,Norte
451,Dr. Benicio Câmara,Duarte,PE,Nordeste
452,Clarice Sousa,Montenegro Grande,MT,Centro-Oeste
453,Sr. Juan da Cruz,Teixeira,GO,Centro-Oeste
454,Ravi Lucca Caldeira,Teixeira,RJ,Sudeste
455,Anthony Gabriel Fonseca,Santos,PE,Nordeste
456,João Lucas Pires,Cavalcante de Aragão,PR,Sul
457,Erick Sales,Guerra,SP,Sudeste
458,Raquel Martins,Pacheco,SC,Sul
459,Vitor Hugo Melo,Cirino,BA,Nordeste
460,Maria Isis Vargas,Camargo,GO,Centro-Oeste
461,Eloá Gonçalves,das Neves de Barbosa,MT,Centro-Oeste
462,Benicio Peixoto,Mendonça de Sales,DF,Centro-Oeste
463,Lara Caldeira,Oliveira,MT,Centro-Oeste
464,Matheus Aparecida,Cassiano,MT,Centro-Oeste
465,Valentina Câmara,Novaes,SC,Sul
466,Clara Machado,Nascimento de Cardoso,SP,Sudeste
467,Dr. Paulo Moraes,Silva do Oeste,MG,Sudeste
468,Isabella Vasconcelos,Vargas,RJ,Sudeste
469,Dra. Maria Vitória Lopes,Marques,MT,Centro-Oeste
470,Fernanda Abreu,Duarte do Sul,RS,Sul
471,Noah Fernandes,Sampaio,RJ,Sudeste
472,Mateus Brito,Freitas do Amparo,CE,Nordeste
473,Sra. Joana Duarte,da Rosa das Pedras,CE,Nordeste
474,Ana Pires,Martins de Lopes,SP,Sudeste
475,Diogo Machado,Siqueira de Sá,SP,Sudeste
476,Arthur Araújo,Pacheco Verde,MT,Centro-Oeste
477,José Miguel Fogaça,Freitas do Galho,MG,Sudeste
478,Matheus Almeida,Aparecida,RJ,Sudeste
479,Srta. Camila Moreira,Pastor do Norte,PE,Nordeste
480,Isadora Cavalcante,Brito de Borges,PA,Norte
481,Mathias Oliveira,Costa das Flores,SC,Sul
482,Henrique Castro,Porto da Mata,DF,Centro-Oeste
483,Ana Clara Lopes,Cassiano,SP,Sudeste
484,Ana Luiza Lima,Vargas,RS,Sul
485,Ana Vitória Almeida,Cunha Verde,RO,Norte
486,Dra. Joana Correia,Brito,PE,Nordeste
487,Sra. Lara Pimenta,Brito,BA,Nordeste
488,Sabrina Pastor,Abreu da Serra,RJ,Sudeste
489,João Lucas Nascimento,Correia,MT,Centro-Oeste
490,Juliana Cardoso,Pires de Pastor,MG,Sudeste
491,Diogo Novais,Vieira,AM,Norte
492,Sra. Gabriela Araújo,Silveira,RS,Sul
493,Matteo Oliveira,Pimenta,MT,Centro-Oeste
494,Maria Eduarda Farias,Cunha do Campo,MG,Sudeste
495,Manuella Ferreira,Fogaça,RO,Norte
496,Theodoro Sales,Correia Grande,PA,Norte
497,Ravi Moura,Moura da Serra,DF,Centro-Oeste
498,Samuel Nogueira,Albuquerque,AM,Norte
499,Maria Laura da Rocha,Fogaça de Siqueira,RO,Norte
500,Rafael Gomes,da Rosa,AM,Norte
